chi,dp,coh,stab,rad,size,ratio
0.090909,0.20998999999999945,1.5,0.590909,1.2,10,0.5
0.090909,4.415707,1.5,0.536932,1.2,10,0.5
0.2,0.6075349999999999,1.5,0.9,1.2,10,0.5
0.2,2.8428829999999996,1.5,0.8125,1.2,10,0.5
0.142857,1.1787,1.5,1.890675,1.2,10,0.5
0.142857,4.596338,1.5,1.890675,1.2,10,0.5
0.083333,0.8958840000000006,1.5,1.533391,1.2,10,0.5
0.125,7.1345790000000004,1.5,0.625,1.2,10,0.5
0.142857,1.5452079999999997,1.5,0.732143,1.2,10,0.5
0.125,6.214301000000001,1.5,0.625,1.2,10,0.5
0.142857,0.6249289999999998,1.5,0.732143,1.2,10,0.5
0.166667,7.081492000000001,1.5,0.620301,1.2,10,0.5
0.166667,0.7336740000000002,1.5,1.835938,1.2,10,0.5
0.142857,6.364101,1.5,0.620301,1.2,10,0.5
0.111111,5.6330089999999995,1.5,1.627083,1.2,10,0.5
0.2,1.036429,1.5,10.028468,1.2,10,0.5
0.066667,8.319395000000002,1.5,7.082257,1.2,10,0.5
0.052632,7.018618,1.5,7.398396,1.2,10,0.5
0.2,45.410761,1.5,3.678084,1.2,10,0.5
0.111111,5.801897,1.5,0.0,1.2,10,0.5
0.125,6.624858000000001,1.5,0.888889,1.2,10,0.5
0.166667,3.701191,1.5,0.0,1.2,10,0.5
0.2,0.6706900000000002,1.5,2.077778,1.2,10,0.5
0.125,0.37103100000000033,1.5,1.891875,1.2,10,0.5
0.083333,0.2473700000000001,1.5,1.946779,1.2,10,0.5
0.2,1.2377020000000005,1.5,1.6083,1.2,10,0.5
0.25,0.13001000000000018,1.5,2.2,1.2,10,0.5
0.166667,0.21554200000000012,1.5,2.279089,1.2,10,0.5
0.090909,10.042003999999999,1.5,5.723076,1.2,10,0.5
0.1,41.422395,1.5,5.744038,1.2,10,0.5
0.1,148.427481,1.5,4.94289,1.2,10,0.5
0.083333,81.469919,1.5,8.692194,1.2,10,0.5
0.076923,12.206703999999998,1.5,5.370634,1.2,10,0.5
0.111111,133.71972499999998,1.5,4.231781,1.2,10,0.5
0.058824,654.216269,1.5,7.791414,1.2,10,0.5
0.055556,658.6499889999999,1.5,6.672901,1.2,10,0.5
0.083333,122.36745000000002,1.5,7.150517,1.2,10,0.5
0.071429,378.702226,1.5,7.915982,1.2,10,0.5
0.055556,2438.3449650000002,1.5,9.459211,1.2,10,0.5
0.090909,6923.81324,1.5,8.193384,1.2,10,0.5
0.111111,4839.042724000001,1.5,8.384844,1.2,10,0.5
0.045455,2096.992684,1.5,15.190303,1.2,10,0.5
0.083333,14.49725999999987,1.5,9.224389,1.2,10,0.5
0.2,523.2382570000001,1.5,0.916667,1.2,10,0.5
0.083333,1167.0077099999999,1.5,15.489458,1.2,10,0.5
0.083333,263.5305780000001,1.5,14.277812,1.2,10,0.5
0.083333,221.75870399999997,1.5,14.783075,1.2,10,0.5
0.2,28.531478,1.5,2.016389,1.2,10,0.5
0.2,24.079166999999998,1.5,2.016389,1.2,10,0.5
0.2,21.693731000000003,1.5,1.632188,1.2,10,0.5
0.2,43.628914,1.5,1.632188,1.2,10,0.5
0.2,22.568961,1.5,1.78,1.2,10,0.5
0.2,7.312715999999998,1.5,4.219427,1.2,10,0.5
0.2,8.291432,1.5,4.219427,1.2,10,0.5
0.2,64.44012700000002,1.5,2.990312,1.2,10,0.5
0.2,6.131726000000015,1.5,2.990312,1.2,10,0.5
0.125,189.42565399999998,1.5,3.001558,1.2,10,0.5
0.125,148.4644,1.5,3.001558,1.2,10,0.5
0.125,0.24765099999999052,1.5,6.677111,1.2,10,0.5
0.125,2860.044721,1.5,4.340277,1.2,10,0.5
0.033333,2139.27543,1.5,15.825158,1.2,10,0.5
0.033333,2139.27543,1.5,15.825158,1.2,10,0.5
0.125,2864.152207,1.5,4.340277,1.2,10,0.5
0.125,2862.842833,1.5,4.340277,1.2,10,0.5
0.125,2861.354094,1.5,4.340277,1.2,10,0.5
0.032258,1497.5060630000003,1.5,21.955704,1.2,10,0.5
0.047619,706.4685250000002,1.5,13.309058,1.2,10,0.5
0.043478,689.761915,1.5,14.846649,1.2,10,0.5
0.043478,689.761915,1.5,14.846649,1.2,10,0.5
0.027778,2319.3295229999994,1.5,20.439728,1.2,10,0.5
0.027778,2319.3295229999994,1.5,20.439728,1.2,10,0.5
0.027778,2319.3295229999994,1.5,20.439728,1.2,10,0.5
0.083333,159.32952300000034,1.5,20.315155,1.2,10,0.5
0.125,1229.164643,1.5,11.764901,1.2,10,0.5
0.125,1229.164643,1.5,11.764901,1.2,10,0.5
0.125,3.128955,1.5,2.408574,1.2,10,0.5
0.2,0.43437699999999957,1.5,3.438048,1.2,10,0.5
0.166667,27.299382000000037,1.5,12.421331,1.2,10,0.5
0.083333,1420.732641,1.5,2.652299,1.2,10,0.5
0.076923,1685.401487,1.5,4.339885,1.2,10,0.5
0.083333,135.21679700000004,1.5,13.267711,1.2,10,0.5
0.111111,255.86323100000004,1.5,11.170001,1.2,10,0.5
0.090909,1361.157591,1.5,8.378601,1.2,10,0.5
0.2,1345.833333,1.5,0.0,1.2,10,0.5
0.047619,521.63104,1.5,13.2207,1.2,10,0.5
0.058824,296.38785399999983,1.5,17.932494,1.2,10,0.5
0.090909,4604.248584999999,1.5,0.454545,1.2,10,0.5
0.125,2927.8666350000003,1.5,9.847992,1.2,10,0.5
0.111111,247.51186500000006,1.5,14.681944,1.2,10,0.5
0.166667,938.348456,1.5,7.742024,1.2,10,0.5
0.055556,1297.59353,1.5,12.857172,1.2,10,0.5
0.058824,440.81648799999994,1.5,13.787193,1.2,10,0.5
0.058824,542.19741,1.5,9.620486,1.2,10,0.5
0.058824,542.19741,1.5,9.620486,1.2,10,0.5
0.025641,2709.632431,1.5,19.597008,1.2,10,0.5
0.05,28.302568000000065,1.5,9.626701,1.2,10,0.5
0.066667,0.37808300000000017,1.5,0.677083,1.2,10,0.5
0.066667,0.6512640000000012,1.5,0.677083,1.2,10,0.5
0.25,0.5566400000000002,1.5,0.75,1.2,10,0.5
0.1,2.0929070000000003,1.5,0.53125,1.2,10,0.5
0.066667,1.9874599999999987,1.5,3.142885,1.2,10,0.5
0.066667,2.5507050000000007,1.5,3.142885,1.2,10,0.5
0.142857,4.179387,1.5,2.232411,1.2,10,0.5
0.2,6.047909000000001,1.5,3.801523,1.2,10,0.5
0.166667,12.132925,1.5,5.145767,1.2,10,0.5
0.2,8.825916,1.5,6.115941,1.2,10,0.5
0.2,17.805473,1.5,6.115941,1.2,10,0.5
0.090909,52.726706,1.5,4.501592,1.2,10,0.5
0.25,4.646326,1.5,0.0,1.2,10,0.5
0.052632,692.651013,1.5,7.820354,1.2,10,0.5
0.052632,724.9808959999999,1.5,7.820354,1.2,10,0.5
0.090909,1651.656032,1.5,11.009039,1.2,10,0.5
0.090909,1588.572819,1.5,11.009039,1.2,10,0.5
0.029412,48353.323338,1.5,11.986933,1.2,10,0.5
0.029412,48304.112411,1.5,11.986933,1.2,10,0.5
0.029412,48334.806697,1.5,11.986933,1.2,10,0.5
0.029412,48285.59577,1.5,11.986933,1.2,10,0.5
0.2,444.2244099999999,1.5,12.035288,1.2,10,0.5
0.2,507.307624,1.5,12.035288,1.2,10,0.5
0.052632,615.379787,1.5,17.211239,1.2,10,0.5
0.052632,615.379787,1.5,17.211239,1.2,10,0.5
0.111111,7827.6821070000005,1.5,12.647866,1.2,10,0.5
0.111111,7827.6821070000005,1.5,12.647866,1.2,10,0.5
0.066667,1290.279884,1.5,11.143829,1.2,10,0.5
0.090909,732.1981069999999,1.5,21.238235,1.2,10,0.5
0.047619,732.1981069999999,1.5,20.747807,1.2,10,0.5
0.181818,778.623478,1.5,13.84568,1.2,10,0.5
0.25,732.1981069999999,1.5,20.161252,1.2,10,0.5
0.047619,114.52653499999997,1.5,19.121975,1.2,10,0.5
0.026316,4034.048268000006,1.5,20.765071,1.2,10,0.5
0.026316,4034.048268000006,1.5,20.765071,1.2,10,0.5
0.125,638.9761470000001,1.5,16.513589,1.2,10,0.5
0.029412,302.182041,1.5,19.211756,1.2,10,0.5
0.019608,1370.2542619999995,1.5,22.074759,1.2,10,0.5
0.019608,1370.2542619999995,1.5,22.074759,1.2,10,0.5
0.035714,3268.2328989999996,1.5,29.050119,1.2,10,0.5
0.076923,2911.293888,1.5,25.540107,1.2,10,0.5
0.083333,5027.844719000001,1.5,24.65195,1.2,10,0.5
0.076923,2911.293888,1.5,25.540107,1.2,10,0.5
0.076923,2911.293888,1.5,25.540107,1.2,10,0.5
0.076923,2911.293888,1.5,25.540107,1.2,10,0.5
0.076923,2911.293888,1.5,25.540107,1.2,10,0.5
0.083333,5027.844719000001,1.5,24.65195,1.2,10,0.5
0.076923,2911.293888,1.5,25.540107,1.2,10,0.5
0.055556,1475.395359,1.5,21.767087,1.2,10,0.5
0.03125,253.69942000000015,1.5,23.069109,1.2,10,0.5
0.03125,276.2288840000001,1.5,16.884931,1.2,10,0.5
0.021739,787.9355720000001,1.5,18.791987,1.2,10,0.5
0.055556,293.67122599999993,1.5,16.351909,1.2,10,0.5
0.055556,81.81161599999996,1.5,8.140406,1.2,10,0.5
0.023256,15199.134984000004,1.5,22.217651,1.2,10,0.5
0.023256,15199.134984000004,1.5,22.217651,1.2,10,0.5
0.125,655.7910889999999,1.5,20.18204,1.2,10,0.5
0.066667,264.909229,1.5,15.304121,1.2,10,0.5
0.045455,29.38196599999992,1.5,24.616813,1.2,10,0.5
0.076923,122.98902699999996,1.5,12.188612,1.2,10,0.5
0.027027,764.0484369999999,1.5,23.803869,1.2,10,0.5
0.027027,735.6279640000002,1.5,19.163279,1.2,10,0.5
0.0625,454.70905100000004,1.5,19.990618,1.2,10,0.5
0.026316,314.4604629999999,1.5,27.214362,1.2,10,0.5
0.043478,292.44621400000005,1.5,20.966402,1.2,10,0.5
0.066667,147.69840299999998,1.5,19.887915,1.2,10,0.5
0.066667,132.92508400000008,1.5,16.064637,1.2,10,0.5
0.02381,640.883722,1.5,17.279036,1.2,10,0.5
0.047619,723.6875719999998,1.5,29.45337,1.2,10,0.5
0.043478,1744.169455,1.5,13.87916,1.2,10,0.5
0.121212,1951.4492319999997,1.5,15.305659,1.2,10,0.5
0.020833,555.6551890000001,1.5,20.802649,1.2,10,0.5
0.016129,10456.896533000006,1.5,37.128582,1.2,10,0.5
0.016129,10456.896533000006,1.5,37.128582,1.2,10,0.5
0.016129,10456.896533000006,1.5,37.128582,1.2,10,0.5
0.016129,10456.896533000006,1.5,37.128582,1.2,10,0.5
0.04,171.40150600000015,1.5,44.201981,1.2,10,0.5
0.04,171.40150600000015,1.5,44.201981,1.2,10,0.5
0.04,171.40150600000015,1.5,44.201981,1.2,10,0.5
0.04,171.40150600000015,1.5,44.201981,1.2,10,0.5
0.04,171.40150600000015,1.5,44.201981,1.2,10,0.5
0.04,171.40150600000015,1.5,44.201981,1.2,10,0.5
0.04,171.40150600000015,1.5,44.201981,1.2,10,0.5
0.1,185.60832200000004,1.5,31.011243,1.2,10,0.5
0.1,185.60832200000004,1.5,31.011243,1.2,10,0.5
0.04,171.40150600000015,1.5,44.201981,1.2,10,0.5
0.033333,2725.319585,1.5,31.090997,1.2,10,0.5
0.033333,2725.319585,1.5,31.090997,1.2,10,0.5
0.076923,264.087396,1.5,19.797584,1.2,10,0.5
0.032258,140.54157600000008,1.5,17.584923,1.2,10,0.5
0.043478,940.4224170000001,1.5,13.007037,1.2,10,0.5
0.090909,451.134945,1.5,25.983128,1.2,10,0.5
0.05,495.28441399999997,1.5,29.505282,1.2,10,0.5
0.041667,514.025333,1.5,32.131945,1.2,10,0.5
0.04,435.4820950000001,1.5,27.016066,1.2,10,0.5
0.04,191.66896700000007,1.5,25.12641,1.2,10,0.5
0.03125,191.66896700000007,1.5,25.009356,1.2,10,0.5
0.047619,339.96464300000025,1.5,13.7897,1.2,10,0.5
0.047619,344.2899000000002,1.5,26.072562,1.2,10,0.5
0.027778,28651.347728000008,1.5,27.079638,1.2,10,0.5
0.027778,28651.347728000008,1.5,27.079638,1.2,10,0.5
0.027778,28651.347728000008,1.5,27.079638,1.2,10,0.5
0.027778,28651.347728000008,1.5,27.079638,1.2,10,0.5
0.016393,8366.457572,1.5,42.015057,1.2,10,0.5
0.016393,8366.457572,1.5,42.015057,1.2,10,0.5
0.125,589.727502,1.5,8.855251,1.2,10,0.5
0.017241,11373.10478400001,1.5,26.549254,1.2,10,0.5
0.017241,11373.10478400001,1.5,26.549254,1.2,10,0.5
0.018868,20979.966067,1.5,24.688278,1.2,10,0.5
0.018868,20979.966067,1.5,24.688278,1.2,10,0.5
0.071429,555.804492,1.5,11.781864,1.2,10,0.5
0.0625,995.6450510000004,1.5,26.884026,1.2,10,0.5
0.0625,995.6450510000004,1.5,26.884026,1.2,10,0.5
0.027778,140.26133600000003,1.5,24.31696,1.2,10,0.5
0.027778,140.26133600000003,1.5,24.31696,1.2,10,0.5
0.073171,115350.99983300001,1.5,41.925643,1.2,10,0.5
0.044444,110841.61471899999,1.5,23.275707,1.2,10,0.5
0.176471,65194.548212,1.5,21.498387,1.2,10,0.5
0.181818,110901.48478299999,1.5,27.683234,1.2,10,0.5
0.073171,115350.99983300001,1.5,41.925643,1.2,10,0.5
0.176471,65194.548212,1.5,21.498387,1.2,10,0.5
0.176471,65194.548212,1.5,21.498387,1.2,10,0.5
0.073171,115350.99983300001,1.5,41.925643,1.2,10,0.5
0.043478,145709.752983,1.5,23.537319,1.2,10,0.5
0.181818,110901.48478299999,1.5,27.683234,1.2,10,0.5
0.044444,110841.61471899999,1.5,23.275707,1.2,10,0.5
0.073171,115350.99983300001,1.5,41.925643,1.2,10,0.5
0.176471,65194.548212,1.5,21.498387,1.2,10,0.5
0.043478,145709.752983,1.5,23.537319,1.2,10,0.5
0.04,38.11349999999993,1.5,24.015217,1.2,10,0.5
0.04,252.14264100000014,1.5,28.021687,1.2,10,0.5
0.055556,1150.739058,1.5,25.851615,1.2,10,0.5
0.019231,1189.370858,1.5,18.908258,1.2,10,0.5
0.033333,1070.544188,1.5,14.683463,1.2,10,0.5
0.04,330.157567,1.5,28.439753,1.2,10,0.5
0.020833,1241.724169000001,1.5,25.787694,1.2,10,0.5
0.020833,1241.724169000001,1.5,25.787694,1.2,10,0.5
0.020408,622.9216159999996,1.5,27.74272,1.2,10,0.5
0.020408,622.9216159999996,1.5,27.74272,1.2,10,0.5
0.02,1416.3071170000003,1.5,28.381662,1.2,10,0.5
0.02,1416.3071170000003,1.5,28.381662,1.2,10,0.5
0.015625,98.56460499999957,1.5,32.949134,1.2,10,0.5
0.015625,98.56460499999957,1.5,32.949134,1.2,10,0.5
0.045455,1436.724982,1.5,18.909797,1.2,10,0.5
0.02439,213.0817770000001,1.5,22.030831,1.2,10,0.5
0.066667,2599.382752,1.5,12.864873,1.2,10,0.5
0.051282,1749.7455990000003,1.5,12.561153,1.2,10,0.5
0.035714,450.58141,1.5,18.57264,1.2,10,0.5
0.083333,1115.7639150000002,1.5,11.406734,1.2,10,0.5
0.025,1367.3489040000002,1.5,21.214633,1.2,10,0.5
0.030303,1472.8884670000002,1.5,13.940546,1.2,10,0.5
0.03125,1498.153156,1.5,18.194713,1.2,10,0.5
0.25641,10.93706700000007,1.5,12.807296,1.2,10,0.5
0.018519,1021.6739120000002,1.5,31.554882,1.2,10,0.5
0.018519,1021.6739120000002,1.5,31.554882,1.2,10,0.5
0.2,85.00723100000005,1.5,29.707988,1.2,10,0.5
0.2,85.00723100000005,1.5,29.707988,1.2,10,0.5
0.034483,346.7657609999999,1.5,21.391404,1.2,10,0.5
0.034483,753.7803630000001,1.5,22.785749,1.2,10,0.5
0.02439,541.900781,1.5,22.680626,1.2,10,0.5
0.111111,777.2699210000001,1.5,23.77023,1.2,10,0.5
0.111111,83.406429,1.5,15.194613,1.2,10,0.5
0.022727,294.6332309999998,1.5,41.86373,1.2,10,0.5
0.022727,294.6332309999998,1.5,41.86373,1.2,10,0.5
0.058824,2692.4376740000002,1.5,25.96116,1.2,10,0.5
0.058824,2692.4376740000002,1.5,25.96116,1.2,10,0.5
0.1,303.8941269999999,1.5,23.586737,1.2,10,0.5
0.027027,366.39510700000005,1.5,22.995041,1.2,10,0.5
0.117647,176.89522499999998,1.5,23.572299,1.2,10,0.5
0.076923,204.44779100000005,1.5,21.707144,1.2,10,0.5
0.125,121.021906,1.5,7.87851,1.2,10,0.5
0.019231,2762.6928540000004,1.5,23.661402,1.2,10,0.5
0.019231,2762.6928540000004,1.5,23.661402,1.2,10,0.5
0.125,2762.692854,1.5,8.228684,1.2,10,0.5
0.019231,2762.6928540000004,1.5,23.661402,1.2,10,0.5
0.055556,2655.5252630000005,1.5,7.867442,1.2,10,0.5
0.033333,2795.269721,1.5,17.400715,1.2,10,0.5
0.125,202.64005699999984,1.5,22.523236,1.2,10,0.5
0.02439,350.68929500000013,1.5,22.073446,1.2,10,0.5
0.071429,1168.405246,1.5,15.673489,1.2,10,0.5
0.133333,503.75609099999986,1.5,23.168048,1.2,10,0.5
0.25,239.198572,1.5,15.089425,1.2,10,0.5
0.032258,189.20287499999972,1.5,14.082347,1.2,10,0.5
0.066667,82.96136899999999,1.5,27.103142,1.2,10,0.5
0.021277,196352.682095,1.5,45.098699,1.2,10,0.5
0.021277,196352.682095,1.5,45.098699,1.2,10,0.5
0.021277,196352.682095,1.5,45.098699,1.2,10,0.5
0.03125,216815.677665,1.5,29.142687,1.2,10,0.5
0.021277,196352.682095,1.5,45.098699,1.2,10,0.5
0.052632,218086.270613,1.5,28.691863,1.2,10,0.5
0.153846,213987.278029,1.5,26.736446,1.2,10,0.5
0.142857,212144.309189,1.5,26.326073,1.2,10,0.5
0.052632,218086.270613,1.5,28.691863,1.2,10,0.5
0.05,35466.739283,1.5,22.855653,1.2,10,0.5
0.142857,212144.309189,1.5,26.326073,1.2,10,0.5
0.083333,110797.039827,1.5,24.643527,1.2,10,0.5
0.021277,196352.682095,1.5,45.098699,1.2,10,0.5
0.083333,216565.848559,1.5,29.200827,1.2,10,0.5
0.03125,216815.677665,1.5,29.142687,1.2,10,0.5
0.083333,110797.039827,1.5,24.643527,1.2,10,0.5
0.021277,196352.682095,1.5,45.098699,1.2,10,0.5
0.083333,216565.848559,1.5,29.200827,1.2,10,0.5
0.05,35466.739283,1.5,22.855653,1.2,10,0.5
0.153846,213987.278029,1.5,26.736446,1.2,10,0.5
0.055556,108.91319799999997,1.5,23.942908,1.2,10,0.5
0.052632,1939.514051,1.5,32.391826,1.2,10,0.5
0.052632,1939.514051,1.5,32.391826,1.2,10,0.5
0.052632,1939.514051,1.5,32.391826,1.2,10,0.5
0.107692,5486.839539999999,1.5,26.427051,1.2,10,0.5
0.021505,3041.4998159999996,1.5,18.538761,1.2,10,0.5
0.021505,3041.4998159999996,1.5,18.538761,1.2,10,0.5
0.033333,4467.77866,1.5,19.827052,1.2,10,0.5
0.107692,5486.839539999999,1.5,26.427051,1.2,10,0.5
0.107692,5486.839539999999,1.5,26.427051,1.2,10,0.5
0.052632,4521.980963,1.5,11.501139,1.2,10,0.5
0.04,4795.602093,1.5,9.656015,1.2,10,0.5
0.052632,188.78380100000004,1.5,7.947224,1.2,10,0.5
0.025,617.4800749999999,1.5,14.781033,1.2,10,0.5
0.018519,1497.1753980000003,1.5,28.066905,1.2,10,0.5
0.018519,1497.1753980000003,1.5,28.066905,1.2,10,0.5
0.018519,1497.1753980000003,1.5,28.066905,1.2,10,0.5
0.090909,2171.719666,1.5,18.519633,1.2,10,0.5
0.025,650.7312440000001,1.5,18.140948,1.2,10,0.5
0.023256,683.397131,1.5,8.805728,1.2,10,0.5
0.05,666.96425,1.5,11.70523,1.2,10,0.5
0.025,727.394914,1.5,22.4164,1.2,10,0.5
0.023256,554.7456909999999,1.5,11.575695,1.2,10,0.5
0.026316,1443.043576,1.5,28.283373,1.2,10,0.5
0.026316,1443.043576,1.5,28.283373,1.2,10,0.5
0.026316,1443.043576,1.5,28.283373,1.2,10,0.5
0.066667,142.93904099999986,1.5,24.906509,1.2,10,0.5
0.111111,414.10462699999994,1.5,26.186455,1.2,10,0.5
0.083333,144.12065300000006,1.5,25.959606,1.2,10,0.5
0.166667,465.96829600000007,1.5,14.8658,1.2,10,0.5
0.029412,545.9460989999998,1.5,12.304911,1.2,10,0.5
0.034483,334.06644200000005,1.5,14.452071,1.2,10,0.5
0.028571,1590.067828,1.5,22.450836,1.2,10,0.5
0.058824,1208.132571,1.5,9.363903,1.2,10,0.5
0.1,1235.0010519999998,1.5,13.413242,1.2,10,0.5
0.058824,1229.8293640000002,1.5,10.759693,1.2,10,0.5
0.027778,2736.907571,1.5,20.120482,1.2,10,0.5
0.037037,1235.477356,1.5,22.382805,1.2,10,0.5
0.058824,39.76830199999995,1.5,26.17512,1.2,10,0.5
0.027027,1531.374466,1.5,32.888593,1.2,10,0.5
0.1,1531.374466,1.5,28.880288,1.2,10,0.5
0.066667,251.591457,1.5,13.963304,1.2,10,0.5
0.1,196.77764500000006,1.5,10.088617,1.2,10,0.5
0.028571,878.3617299999996,1.5,8.497207,1.2,10,0.5
0.058824,1214.979381,1.5,5.071434,1.2,10,0.5
0.034483,3642.0419900000006,1.5,21.344913,1.2,10,0.5
0.034483,2231.4247530000002,1.5,25.753583,1.2,10,0.5
0.016667,354.31940400000894,1.5,23.979849,1.2,10,0.5
0.016667,354.31940400000894,1.5,23.979849,1.2,10,0.5
